{
  "title": "Quem Somos",
  "meta_title": "Quem Somos",
  "meta_description": "Somos a Legadu Social Trajes Finos",
  "body": "<!--StartFragment-->\n\nSomos a Legadu Social Trajes Finos, uma empresa localizada na cidade de Paraguaçu, no Sul de Minas Gerais, de onde enviamos produtos para todo o Brasil. A empresa foi fundada em 2022 e acreditamos que podemos fazer a diferença, tanto na vida das pessoas quanto através do nosso compromisso com a responsabilidade ambiental, atuando em vários projetos.\n\n**Nossa Missão**, é oferecer produtos de alta qualidade, levar a melhor experiência ao cliente e participar dos momentos felizes e inesquecíveis.\\\n\\\n**Nossa Visão**, é ser reconhecida como a melhor opção para o cliente e fazer a diferença na vida das pessoas.\n\n**Nossos Valores** são:\\\nIntegridade; \\\nComprometimento;\\\nValorização humana;\\\nMelhoria contínua; \\\nInovação;\\\nProatividade; \\\nResponsabilidade socioambiental.\n\n\n\n<!--StartFragment-->\n\n\n\n**O terno certo para cada estilo está aqui!** \n\nA qualidade dos trajes finos da Legadu Social vai até você nos quatro cantos do nosso país. \n\nUm traje elegante é a melhor maneira de se destacar.\n\nE a nossa equipe está sempre antenada nas principais tendências do mercado, para oferecer além do acabamento perfeito e diferenciado, superar as expectativas com qualidade, elegância e conforto que todos merecem.\n\nOferecemos trajes sociais que atendam às necessidades de nossos clientes em ocasiões especiais, como casamentos, cultos, formaturas, festas de gala, entre outros eventos importantes.\n\n\n\n<!--StartFragment-->\n\nNosso compromisso é com a qualidade e o bom atendimento. Por isso, oferecemos um catálogo diversificado de trajes sociais, incluindo opções para diferentes gostos e estilos. Além disso, nossa equipe está sempre pronta para auxiliar nossos clientes na escolha do traje perfeito para cada ocasião.\n\n\n\n<!--EndFragment-->\n\n\n\n<!--EndFragment-->\n\n<!--EndFragment-->",
  "sections": []
}