{
  "marketing_stripe": {
    "text": "Confeccionamos trajes finos em atacado",
    "link": "",
    "color": "#1d3368",
    "background": "#e0c262"
  },
  "contacts_stripe": {
    "pages": [
      {
        "title": "OFERTAS",
        "link": ""
      }
    ],
    "phone_wpp": true,
    "socials": true
  },
  "categories_list": {
    "featured": [],
    "random": 6,
    "full_width": false
  },
  "desktop_megamenu": false,
  "search_input": true,
  "alphabetical_order_submenu": false,
  "full_width_submenu": false
}