{
  "meta_title": "Legadu Social Trajes Finos",
  "meta_description": "trajes finos, ternos, moda evangélica, moda executiva, confeccção própria e vendas em atacado!",
  "sections": [
    {
      "type": "banner-slider",
      "autoplay": 9000,
      "full_width": true,
      "slides": [
        {
          "start": "",
          "end": "",
          "img": "/img/uploads/se-vista-com-1200-300-px-.png",
          "mobile_img": "/img/uploads/banner-5-mobile.png"
        },
        {
          "start": "2023-03-21T20:41:02.384Z",
          "end": "",
          "img": "/img/uploads/se-vista-com-1200-300-px-1-.png",
          "mobile_img": "/img/uploads/banner-2-mobile.png"
        },
        {
          "start": "",
          "end": "",
          "img": "/img/uploads/se-vista-com-1200-300-px-3-.png"
        },
        {
          "start": "2023-03-21T20:41:38.016Z",
          "end": "",
          "img": "/img/uploads/prancheta-1-2-.png",
          "mobile_img": "/img/uploads/banner-3-mobile.png"
        },
        {
          "start": "",
          "end": "",
          "img": "/img/uploads/se-vista-com-1200-300-px-4-.png"
        }
      ]
    },
    {
      "type": "info-bar",
      "enabled": true
    },
    {
      "type": "collection-shelf",
      "shuffle": true,
      "collection_id": null,
      "sort": "offers",
      "title": "",
      "headless": false,
      "limit": 12,
      "page": 1
    },
    {
      "type": "page-title",
      "title": "Queremos fazer parte dos melhores momentos da sua loja!",
      "description": "Todo momento especial é acompanhado de um bom terno. Escolha a Legadu Social!"
    }
  ]
}